member_id,committee_id,party_id,bill_id,bill_title,committee_history.committee_1,committee_history.committee_2,committee_history.committee_1_start_date,committee_history.committee_1_end_date,committee_history.committee_2_start_date,committee_history.committee_2_end_date,party_history.party_1,party_history.party_1_start_date,party_history.party_1_end_date,party_history.party_2,party_history.party_2_start_date,party_history.party_2_end_date,name,gender,district,member_start_date,member_end_date,birthyear
14M56632,,/미래통합당,0,,,,,,,,/미래통합당,,,/미래통합당,,,강기윤,남,경남 창원시성산구/경남 창원시성산구,,,
L2I9861C,국방위원회,미래통합당/국민의힘,0,,국방위원회,국방위원회,,,,,미래통합당/국민의힘,,,미래통합당/국민의힘,,,강대식,남,대구 동구을/대구 동구군위군을,,,
8P37634C,"기후위기 특별위원회, 기후에너지환경노동위원회",더불어민주당/더불어민주당,0,,"기후위기 특별위원회, 기후에너지환경노동위원회","기후위기 특별위원회, 기후에너지환경노동위원회",,,,,더불어민주당/더불어민주당,,,더불어민주당/더불어민주당,,,강득구,남,경기 안양시만안구/경기 안양시만안구,,,
GX22581L,정무위원회,미래통합당/국민의힘,0,,정무위원회,정무위원회,,,,,미래통합당/국민의힘,,,미래통합당/국민의힘,,,강민국,남,경남 진주시을/경남 진주시을,,,1971-03-03T00:00:00.000Z
P2N50879,,열린민주당,0,,,,,,,,열린민주당,,,열린민주당,,,강민정,여,비례대표,,,
60490713,,더불어민주당/더불어민주당,0,,,,,,,,더불어민주당/더불어민주당,,,더불어민주당/더불어민주당,,,강병원,남,서울 은평구을/서울 은평구을,,,1971-07-09T00:00:00.000Z
MNZ4401T,"연금개혁 특별위원회, 외교통일위원회",더불어민주당/더불어민주당,0,,"연금개혁 특별위원회, 외교통일위원회","연금개혁 특별위원회, 외교통일위원회",,,,,더불어민주당/더불어민주당,,,더불어민주당/더불어민주당,,,강선우,여,서울 강서구갑/서울 강서구갑,,,1978-06-02T00:00:00.000Z
6FS10566,,진보당,0,,,,,,,,진보당,,,진보당,,,강성희,남,전북 전주시을,,,1972-09-07T00:00:00.000Z
WMG57662,,정의당,0,,,,,,,,정의당,,,정의당,,,강은미,여,비례대표,,,1970-09-06T00:00:00.000Z
5KV96424,정무위원회,더불어민주당/더불어민주당,0,,정무위원회,정무위원회,,,,,더불어민주당/더불어민주당,,,더불어민주당/더불어민주당,,,강준현,남,세종특별자치시을/세종특별자치시을,,,
TRE2429O,정무위원회,더불어민주당/더불어민주당/더불어민주당,0,,,정무위원회,,,,,더불어민주당/더불어민주당/더불어민주당,,,더불어민주당/더불어민주당/더불어민주당,,,강훈식,남,충남 아산시을/충남 아산시을/충남 아산시을,,,1973-10-24T00:00:00.000Z
WCD5518S,"교육위원회, 예산결산특별위원회",더불어민주당/더불어민주당,0,,"교육위원회, 예산결산특별위원회","교육위원회, 예산결산특별위원회",,,,,더불어민주당/더불어민주당,,,더불어민주당/더불어민주당,,,고민정,여,서울 광진구을/서울 광진구을,,,1979-08-23T00:00:00.000Z
4XG1439M,,더불어민주당,0,,,,,,,,더불어민주당,,,더불어민주당,,,고영인,남,경기 안산시단원구갑,,,
6V37131U,,더불어민주당/더불어민주당,0,,,,,,,,더불어민주당/더불어민주당,,,더불어민주당/더불어민주당,,,고용진,남,서울 노원구갑/서울 노원구갑,,,
MHK9919B,,/미래통합당,0,,,,,,,,/미래통합당,,,/미래통합당,,,곽상도,남,대구 중구남구/대구 중구남구,,,
7469929V,산업통상자원중소벤처기업위원회,미래통합당/국민의힘,0,,산업통상자원중소벤처기업위원회,산업통상자원중소벤처기업위원회,,,,,미래통합당/국민의힘,,,미래통합당/국민의힘,,,구자근,남,경북 구미시갑/경북 구미시갑,,,
E9R4507P,,미래통합당,0,,,,,,,,미래통합당,,,미래통합당,,,권명호,남,울산 동구,,,
GDG1847Z,보건복지위원회,///무소속/국민의힘,0,,보건복지위원회,보건복지위원회,,,,,///무소속/국민의힘,,,///무소속/국민의힘,,,권성동,남,강원 강릉시/강원 강릉시/강원 강릉시/강원 강릉시/강원 강릉시,,,
LG63087O,"정보위원회, 기획재정위원회",///미래통합당/국민의힘,0,,"정보위원회, 기획재정위원회","정보위원회, 기획재정위원회",,,,,///미래통합당/국민의힘,,,///미래통합당/국민의힘,,,권영세,남,서울특별시 영등포구을/서울특별시 영등포구을/서울 영등포구을/서울 용산구/서울 용산구,,,
YKW37422,,/국민의당/국민의당,0,,,,,,,,/국민의당/국민의당,,,/국민의당/국민의당,,,권은희,여,광주 광산구을/광주 광산구을/비례대표,,,1974-02-15T00:00:00.000Z
3TO11703,,더불어시민당,0,,,,,,,,더불어시민당,,,더불어시민당,,,권인숙,여,비례대표,,,
C7E79345,행정안전위원회,더불어민주당/더불어민주당/더불어민주당,0,,행정안전위원회,행정안전위원회,,,,,더불어민주당/더불어민주당/더불어민주당,,,더불어민주당/더불어민주당/더불어민주당,,,권칠승,남,경기 화성시병/경기 화성시병/경기 화성시병,,,
B7R2742J,,더불어민주당/더불어민주당,0,,,,,,,,더불어민주당/더불어민주당,,,더불어민주당/더불어민주당,,,기동민,남,서울 성북구을/서울 성북구을,,,
1BX7234U,,더불어시민당,0,,,,,,,,더불어시민당,,,더불어시민당,,,김경만,남,비례대표,,,
ZKU88693,,/더불어민주당/더불어민주당,0,,,,,,,,/더불어민주당/더불어민주당,,,/더불어민주당/더불어민주당,,,김경협,남,경기 부천시원미구갑/경기 부천시원미구갑/경기 부천시갑,,,
X1K3667J,문화체육관광위원회,/더불어민주당/더불어민주당,0,,문화체육관광위원회,문화체육관광위원회,,,,,/더불어민주당/더불어민주당,,,/더불어민주당/더불어민주당,,,김교흥,남,인천광역시 서구강화군갑/인천 서구갑/인천 서구갑,,,
C835799S,,국민의힘,0,,,,,,,,국민의힘,,,국민의힘,,,김근태,남,비례대표,,,1990-11-25T00:00:00.000Z
X7I4680R,"외교통일위원회, 2025 아시아태평양경제협력체(APEC) 정상회의 지원 특별위원회",///미래통합당/국민의힘,0,,"외교통일위원회, 2025 아시아태평양경제협력체(APEC) 정상회의 지원 특별위원회","외교통일위원회, 2025 아시아태평양경제협력체(APEC) 정상회의 지원 특별위원회",,,,,///미래통합당/국민의힘,,,///미래통합당/국민의힘,,,김기현,남,울산 남구을/울산 남구을/울산 남구을/울산 남구을/울산 남구을,,,
QHL3248U,,더불어민주당,0,,,,,,,,더불어민주당,,,더불어민주당,,,김남국,남,경기 안산시단원구을,,,1982-10-22T00:00:00.000Z
LH97552Q,국토교통위원회,//미래통합당/국민의힘,0,,국토교통위원회,국토교통위원회,,,,,//미래통합당/국민의힘,,,//미래통합당/국민의힘,,,김도읍,남,부산 북구강서구을/부산 북구강서구을/부산 북구강서구을/부산 강서구,,,
CI15627C,,더불어민주당/더불어민주당,0,,,,,,,,더불어민주당/더불어민주당,,,더불어민주당/더불어민주당,,,김두관,남,경기 김포시갑/경남 양산시을,,,
3BC6890E,"보건복지위원회, 12.29여객기참사진상규명과피해자및유가족의피해구제를위한특별위원회, 연금개혁 특별위원회",미래통합당/국민의힘,0,,"보건복지위원회, 12.29여객기참사진상규명과피해자및유가족의피해구제를위한특별위원회, 연금개혁 특별위원회","보건복지위원회, 12.29여객기참사진상규명과피해자및유가족의피해구제를위한특별위원회, 연금개혁 특별위원회",,,,,미래통합당/국민의힘,,,미래통합당/국민의힘,,,김미애,여,부산 해운대구을/부산 해운대구을,,,
NTT8182Q,,/더불어민주당/더불어민주당,0,,,,,,,,/더불어민주당/더불어민주당,,,/더불어민주당/더불어민주당,,,김민기,남,경기 용인시을/경기 용인시을/경기 용인시을,,,
MLH1404S,국방위원회,//더불어민주당/더불어민주당,0,,국방위원회,국방위원회,,,,,//더불어민주당/더불어민주당,,,//더불어민주당/더불어민주당,,,김민석,남,서울특별시 영등포구을/서울특별시 영등포구을/서울 영등포구을/서울 영등포구을,,,
6399076T,,더불어민주당,0,,,,,,,,더불어민주당,,,더불어민주당,,,김민철,남,경기 의정부시을,,,
8Q88373R,"정보위원회, 국회운영위원회, 국방위원회",더불어민주당/더불어민주당/더불어민주당,0,,"정보위원회, 국회운영위원회, 국방위원회","정보위원회, 국회운영위원회, 국방위원회",,,,,더불어민주당/더불어민주당/더불어민주당,,,더불어민주당/더불어민주당/더불어민주당,,,김병기,남,서울 동작구갑/서울 동작구갑/서울 동작구갑,,,
KB04377U,,미래통합당,0,,,,,,,,미래통합당,,,미래통합당,,,김병욱,남,경북 포항시남구울릉군,,,1977-04-30T00:00:00.000Z
GFF1986K,,더불어민주당/더불어민주당,0,,,,,,,,더불어민주당/더불어민주당,,,더불어민주당/더불어민주당,,,김병욱,남,경기 성남시분당구을/경기 성남시분당구을,,,
GF286398,"국방위원회, 순직 해병 수사 방해 및 사건 은폐 등의 진실규명을 위한 국정조사특별위원회, 윤석열정부의비상계엄선포를통한내란혐의진상규명국정조사특별위원회",더불어시민당/더불어민주당,0,,"국방위원회, 순직 해병 수사 방해 및 사건 은폐 등의 진실규명을 위한 국정조사특별위원회, 윤석열정부의비상계엄선포를통한내란혐의진상규명국정조사특별위원회","국방위원회, 순직 해병 수사 방해 및 사건 은폐 등의 진실규명을 위한 국정조사특별위원회, 윤석열정부의비상계엄선포를통한내란혐의진상규명국정조사특별위원회",,,,,더불어시민당/더불어민주당,,,더불어시민당/더불어민주당,,,김병주,남,비례대표/경기 남양주시을,,,
1Y73132H,정무위원회,//미래통합당/국민의힘,0,,정무위원회,정무위원회,,,,,//미래통합당/국민의힘,,,//미래통합당/국민의힘,,,김상훈,남,대구 서구/대구 서구/대구 서구/대구 서구,,,
UGH6481E,,//더불어민주당/더불어민주당,0,,,,,,,,//더불어민주당/더불어민주당,,,//더불어민주당/더불어민주당,,,김상희,여,비례대표/경기 부천시소사구/경기 부천시소사구/경기 부천시병,,,
ZYP7962W,외교통일위원회,/미래통합당/국민의힘,0,,외교통일위원회,외교통일위원회,,,,,/미래통합당/국민의힘,,,/미래통합당/국민의힘,,,김석기,남,경북 경주시/경북 경주시/경북 경주시,,,
JNL7001A,농림축산식품해양수산위원회,미래통합당/국민의힘,0,,농림축산식품해양수산위원회,농림축산식품해양수산위원회,,,,,미래통합당/국민의힘,,,미래통합당/국민의힘,,,김선교,남,경기 여주시양평군/경기 여주시양평군,,,
9D939735,산업통상자원중소벤처기업위원회,/미래통합당/국민의힘,0,,산업통상자원중소벤처기업위원회,산업통상자원중소벤처기업위원회,,,,,/미래통합당/국민의힘,,,/미래통합당/국민의힘,,,김성원,남,경기 동두천시연천군/경기 동두천시연천군/경기 동두천시양주시연천구을,,,1973-10-15T00:00:00.000Z
2UD1340H,,/더불어민주당,0,,,,,,,,/더불어민주당,,,/더불어민주당,,,김성주,남,전북 전주시덕진구/전북 전주시병,,,
XSP20229,산업통상자원중소벤처기업위원회,더불어민주당/더불어민주당/더불어민주당,0,,산업통상자원중소벤처기업위원회,산업통상자원중소벤처기업위원회,,,,,더불어민주당/더불어민주당/더불어민주당,,,더불어민주당/더불어민주당/더불어민주당,,,김성환,남,서울 노원구병/서울 노원구병/서울 노원구을,,,
L7T64271,,더불어민주당,0,,,,,,,,더불어민주당,,,더불어민주당,,,김수흥,남,전북 익산시갑,,,
P2N4585G,,/더불어민주당,0,,,,,,,,/더불어민주당,,,/더불어민주당,,,김승남,남,전남 고흥군보성군/전남 고흥군보성군장흥군강진군,,,
5K93695T,문화체육관광위원회,미래통합당/국민의힘,0,,문화체육관광위원회,문화체육관광위원회,,,,,미래통합당/국민의힘,,,미래통합당/국민의힘,,,김승수,남,대구 북구을/대구 북구을,,,
ATB59635,"정무위원회, 예산결산특별위원회",더불어민주당/더불어민주당,0,,"정무위원회, 예산결산특별위원회","정무위원회, 예산결산특별위원회",,,,,더불어민주당/더불어민주당,,,더불어민주당/더불어민주당,,,김승원,남,경기 수원시갑/경기 수원시갑,,,
B7D7534L,"외교통일위원회, 국회운영위원회",더불어민주당/더불어민주당,0,,"외교통일위원회, 국회운영위원회","외교통일위원회, 국회운영위원회",,,,,더불어민주당/더불어민주당,,,더불어민주당/더불어민주당,,,김영배,남,서울 성북구갑/서울 성북구갑,,,
LBC8144B,,////국민의힘,0,,,,,,,,////국민의힘,,,////국민의힘,,,김영선,여,비례대표/경기도 고양시일산구을/경기 고양시일산서구/경남 창원시의창구,,,
IOW1101J,,미래통합당,0,,,,,,,,미래통합당,,,미래통합당,,,김영식,남,경북 구미시을,,,
0W194007,,//더불어민주당/더불어민주당,0,,,,,,,,//더불어민주당/더불어민주당,,,//더불어민주당/더불어민주당,,,김영주,여,비례대표/서울 영등포구갑/서울 영등포구갑/서울 영등포구갑,,,
5765663F,"기획재정위원회, 정보위원회",더불어민주당/더불어민주당/더불어민주당,0,,"기획재정위원회, 정보위원회","기획재정위원회, 정보위원회",,,,,더불어민주당/더불어민주당/더불어민주당,,,더불어민주당/더불어민주당/더불어민주당,,,김영진,남,경기 수원시병/경기 수원시병/경기 수원시병,,,
7BM2933Y,교육위원회,더불어민주당/더불어민주당/더불어민주당,0,,교육위원회,교육위원회,,,,,더불어민주당/더불어민주당/더불어민주당,,,더불어민주당/더불어민주당/더불어민주당,,,김영호,남,서울 서대문구을/서울 서대문구을/서울 서대문구을,,,
CNZ51556,보건복지위원회,미래한국당/국민의미래,0,,보건복지위원회,보건복지위원회,,,,,미래한국당/국민의미래,,,미래한국당/국민의미래,,,김예지,여,비례대표/비례대표,,,1980-12-13T00:00:00.000Z
OFE45081,법제사법위원회,더불어민주당/더불어민주당,0,,법제사법위원회,법제사법위원회,,,,,더불어민주당/더불어민주당,,,더불어민주당/더불어민주당,,,김용민,남,경기 남양주시병/경기 남양주시병,,,1976-06-05T00:00:00.000Z
SVH3899R,,미래통합당,0,,,,,,,,미래통합당,,,미래통합당,,,김용판,남,대구 달서구병,,,
LQW3652K,,미래통합당,0,,,,,,,,미래통합당,,,미래통합당,,,김웅,남,서울 송파구갑,,,1970-05-05T00:00:00.000Z
4L695580,"산업통상자원중소벤처기업위원회, 기후위기 특별위원회",더불어민주당/더불어민주당,0,,"산업통상자원중소벤처기업위원회, 기후위기 특별위원회","산업통상자원중소벤처기업위원회, 기후위기 특별위원회",,,,,더불어민주당/더불어민주당,,,더불어민주당/더불어민주당,,,김원이,남,전남 목포시/전남 목포시,,,
JZY9937U,문화체육관광위원회,/더불어민주당/더불어민주당,0,,문화체육관광위원회,문화체육관광위원회,,,,,/더불어민주당/더불어민주당,,,/더불어민주당/더불어민주당,,,김윤덕,남,전북 전주시완산구갑/전북 전주시갑/전북 전주시갑,,,
L5P27909,"국토교통위원회, 12.29여객기참사진상규명과피해자및유가족의피해구제를위한특별위원회, 국회운영위원회",미래통합당/국민의힘,0,,"국토교통위원회, 12.29여객기참사진상규명과피해자및유가족의피해구제를위한특별위원회, 국회운영위원회","국토교통위원회, 12.29여객기참사진상규명과피해자및유가족의피해구제를위한특별위원회, 국회운영위원회",,,,,미래통합당/국민의힘,,,미래통합당/국민의힘,,,김은혜,여,경기 성남시분당구갑/경기 성남시분당구을,,,1971-01-06T00:00:00.000Z
MSO2590I,,국민의힘,0,,,,,,,,국민의힘,,,국민의힘,,,김은희,여,비례대표,,,1991-06-10T00:00:00.000Z
FIC9046Z,,열린민주당,0,,,,,,,,열린민주당,,,열린민주당,,,김의겸,남,비례대표,,,
E1J8836Y,국토교통위원회,/미래통합당/국민의힘,0,,국토교통위원회,국토교통위원회,,,,,/미래통합당/국민의힘,,,/미래통합당/국민의힘,,,김정재,여,경북 포항시북구/경북 포항시북구/경북 포항시북구,,,
9LD2641Q,"기후위기 특별위원회, 산불피해지원대책 특별위원회, 기후에너지환경노동위원회",더불어민주당/더불어민주당/더불어민주당,0,,"기후위기 특별위원회, 산불피해지원대책 특별위원회, 기후에너지환경노동위원회","기후위기 특별위원회, 산불피해지원대책 특별위원회, 기후에너지환경노동위원회",,,,,더불어민주당/더불어민주당/더불어민주당,,,더불어민주당/더불어민주당/더불어민주당,,,김정호,남,경남 김해시을/경남 김해시을/경남 김해시을,,,
M2Q9024I,"산업통상자원중소벤처기업위원회, 기후위기 특별위원회",더불어민주당/더불어민주당/새로운미래,0,,"산업통상자원중소벤처기업위원회, 기후위기 특별위원회","산업통상자원중소벤처기업위원회, 기후위기 특별위원회",,,,,더불어민주당/더불어민주당/새로운미래,,,더불어민주당/더불어민주당/새로운미래,,,김종민,남,충남 논산시계룡시금산군/충남 논산시계룡시금산군/세종특별자치시갑,,,
D6U6678O,기후에너지환경노동위원회,더불어민주당/더불어민주당,0,,기후에너지환경노동위원회,기후에너지환경노동위원회,,,,,더불어민주당/더불어민주당,,,더불어민주당/더불어민주당,,,김주영,남,경기 김포시갑/경기 김포시갑,,,
LNR7932L,,민주당/열린민주당,0,,,,,,,,민주당/열린민주당,,,민주당/열린민주당,,,김진애,여,비례대표/비례대표,,,
Q9H5708M,,///더불어민주당/더불어민주당,0,,,,,,,,///더불어민주당/더불어민주당,,,///더불어민주당/더불어민주당,,,김진표,남,경기 수원시영통구/경기 수원시영통구/경기 수원시정/경기 수원시무/경기 수원시무,,,
1MU99298,,더불어민주당/더불어민주당,0,,,,,,,,더불어민주당/더불어민주당,,,더불어민주당/더불어민주당,,,김철민,남,경기 안산시상록구을/경기 안산시상록구을,,,
1WE5693J,기획재정위원회,//더불어민주당/더불어민주당/더불어민주당,0,,기획재정위원회,기획재정위원회,,,,,//더불어민주당/더불어민주당/더불어민주당,,,//더불어민주당/더불어민주당/더불어민주당,,,김태년,남,경기도 성남시수정구/경기 성남시수정구/경기 성남시수정구/경기 성남시수정구/경기 성남시수정구,,,
P0F1530P,외교통일위원회,//무소속/국민의힘,0,,외교통일위원회,외교통일위원회,,,,,//무소속/국민의힘,,,//무소속/국민의힘,,,김태호,남,경남 김해시을/경남 김해시을/경남 산청군함양군거창군합천군/경남 양산시을,,,
TVF3669B,,//미래통합당,0,,,,,,,,//미래통합당,,,//미래통합당,,,김태흠,남,충남 보령시서천군/충남 보령시서천군/충남 보령시서천군,,,
F5U2979W,,///국민의힘,0,,,,,,,,///국민의힘,,,///국민의힘,,,김학용,남,경기 안성시/경기 안성시/경기 안성시/경기 안성시,,,
NUB4941Z,"산업통상자원중소벤처기업위원회, 예산결산특별위원회, 성평등가족위원회",더불어민주당/더불어민주당,0,,"산업통상자원중소벤처기업위원회, 예산결산특별위원회, 성평등가족위원회","산업통상자원중소벤처기업위원회, 예산결산특별위원회, 성평등가족위원회",,,,,더불어민주당/더불어민주당,,,더불어민주당/더불어민주당,,,김한규,남,제주 제주시을/제주 제주시을,,,1974-07-01T00:00:00.000Z
09I2323E,,더불어민주당/더불어민주당,0,,,,,,,,더불어민주당/더불어민주당,,,더불어민주당/더불어민주당,,,김한정,남,경기 남양주시을/경기 남양주시을,,,
JEZ3130Q,"2025 아시아태평양경제협력체(APEC) 정상회의 지원 특별위원회, 산불피해지원대책 특별위원회, 기후에너지환경노동위원회",미래통합당/국민의힘,0,,"2025 아시아태평양경제협력체(APEC) 정상회의 지원 특별위원회, 산불피해지원대책 특별위원회, 기후에너지환경노동위원회","2025 아시아태평양경제협력체(APEC) 정상회의 지원 특별위원회, 산불피해지원대책 특별위원회, 기후에너지환경노동위원회",,,,,미래통합당/국민의힘,,,미래통합당/국민의힘,,,김형동,남,경북 안동시예천군/경북 안동시예천군,,,1975-03-25T00:00:00.000Z
PO64874I,,더불어시민당,0,,,,,,,,더불어시민당,,,더불어시민당,,,김홍걸,남,비례대표,,,
M6H1705E,,더불어민주당,0,,,,,,,,더불어민주당,,,더불어민주당,,,김회재,남,전남 여수시을,,,
52P3934K,,미래통합당,0,,,,,,,,미래통합당,,,미래통합당,,,김희곤,남,부산 동래구,,,
6AR6743G,,/미래통합당,0,,,,,,,,/미래통합당,,,/미래통합당,,,김희국,남,대구 중구남구/경북 군위군의성군청송군영덕군,,,
04T3751T,"보건복지위원회, 연금개혁 특별위원회",/더불어민주당/더불어민주당/더불어민주당,0,,"보건복지위원회, 연금개혁 특별위원회","보건복지위원회, 연금개혁 특별위원회",,,,,/더불어민주당/더불어민주당/더불어민주당,,,/더불어민주당/더불어민주당/더불어민주당,,,남인순,여,비례대표/서울 송파구병/서울 송파구병/서울 송파구병,,,
JVB6983V,,국민의힘,0,,,,,,,,국민의힘,,,국민의힘,,,노용호,남,비례대표,,,1971-05-14T00:00:00.000Z
0827740Q,,//더불어민주당/더불어민주당,0,,,,,,,,//더불어민주당/더불어민주당,,,//더불어민주당/더불어민주당,,,노웅래,남,서울특별시 마포구갑/서울 마포구갑/서울 마포구갑/서울 마포구갑,,,
J2O8643H,,/더불어민주당/더불어민주당,0,,,,,,,,/더불어민주당/더불어민주당,,,/더불어민주당/더불어민주당,,,도종환,남,비례대표/충북 청주시흥덕구/충북 청주시흥덕구,,,
8VY63414,,/미래통합당,0,,,,,,,,/미래통합당,,,/미래통합당,,,류성걸,남,대구 동구갑/대구 동구갑,,,
NCP9875N,,정의당,0,,,,,,,,정의당,,,정의당,,,류호정,여,비례대표,,,1992-08-09T00:00:00.000Z
FJK3396E,국토교통위원회,더불어민주당/더불어민주당/더불어민주당,0,,국토교통위원회,국토교통위원회,,,,,더불어민주당/더불어민주당/더불어민주당,,,더불어민주당/더불어민주당/더불어민주당,,,맹성규,남,인천 남동구갑/인천 남동구갑/인천 남동구갑,,,
GOC54665,교육위원회,더불어민주당/더불어민주당,0,,교육위원회,교육위원회,,,,,더불어민주당/더불어민주당,,,더불어민주당/더불어민주당,,,문정복,여,경기 시흥시갑/경기 시흥시갑,,,
4U29186R,"국토교통위원회, 국회운영위원회",더불어민주당/더불어민주당,0,,"국토교통위원회, 국회운영위원회","국토교통위원회, 국회운영위원회",,,,,더불어민주당/더불어민주당,,,더불어민주당/더불어민주당,,,문진석,남,충남 천안시갑/충남 천안시갑,,,
TZ228122,"정무위원회, 윤석열정부의비상계엄선포를통한내란혐의진상규명국정조사특별위원회",더불어민주당/더불어민주당,0,,"정무위원회, 윤석열정부의비상계엄선포를통한내란혐의진상규명국정조사특별위원회","정무위원회, 윤석열정부의비상계엄선포를통한내란혐의진상규명국정조사특별위원회",,,,,더불어민주당/더불어민주당,,,더불어민주당/더불어민주당,,,민병덕,남,경기 안양시동안구갑/경기 안양시동안구갑,,,1970-12-20T00:00:00.000Z
VRY5522V,문화체육관광위원회,더불어민주당/더불어민주당,0,,문화체육관광위원회,문화체육관광위원회,,,,,더불어민주당/더불어민주당,,,더불어민주당/더불어민주당,,,민형배,남,광주 광산구을/광주 광산구을,,,
O6D8329R,"국토교통위원회, 윤석열정부의비상계엄선포를통한내란혐의진상규명국정조사특별위원회",/더불어민주당/더불어민주당/더불어민주당,0,,"국토교통위원회, 윤석열정부의비상계엄선포를통한내란혐의진상규명국정조사특별위원회","국토교통위원회, 윤석열정부의비상계엄선포를통한내란혐의진상규명국정조사특별위원회",,,,,/더불어민주당/더불어민주당/더불어민주당,,,/더불어민주당/더불어민주당/더불어민주당,,,민홍철,남,경남 김해시갑/경남 김해시갑/경남 김해시갑/경남 김해시갑,,,
K3W33496,,/더불어민주당/더불어민주당,0,,,,,,,,/더불어민주당/더불어민주당,,,/더불어민주당/더불어민주당,,,박광온,남,경기 수원시정/경기 수원시정/경기 수원시정,,,
B7H6207C,,미래한국당,0,,,,,,,,미래한국당,,,미래한국당,,,박대수,남,비례대표,,,
W4X85128,기획재정위원회,//미래통합당/국민의힘,0,,기획재정위원회,기획재정위원회,,,,,//미래통합당/국민의힘,,,//미래통합당/국민의힘,,,박대출,남,경남 진주시갑/경남 진주시갑/경남 진주시갑/경남 진주시갑,,,
N4R2421C,행정안전위원회,//미래통합당/국민의힘,0,,행정안전위원회,행정안전위원회,,,,,//미래통합당/국민의힘,,,//미래통합당/국민의힘,,,박덕흠,남,충북 보은군옥천군영동군/충북 보은군옥천군영동군괴산군/충북 보은군옥천군영동군괴산군/충북 보은군옥천군영동군괴산군,,,
7R156073,"순직 해병 수사 방해 및 사건 은폐 등의 진실규명을 위한 국정조사특별위원회, 정무위원회",/더불어민주당/더불어민주당/더불어민주당,0,,"순직 해병 수사 방해 및 사건 은폐 등의 진실규명을 위한 국정조사특별위원회, 정무위원회","순직 해병 수사 방해 및 사건 은폐 등의 진실규명을 위한 국정조사특별위원회, 정무위원회",,,,,/더불어민주당/더불어민주당/더불어민주당,,,/더불어민주당/더불어민주당/더불어민주당,,,박범계,남,대전 서구을/대전 서구을/대전 서구을/대전 서구을,,,
BLC8630L,,////더불어민주당/더불어민주당,0,,,,,,,,////더불어민주당/더불어민주당,,,////더불어민주당/더불어민주당,,,박병석,남,대전광역시 서구갑/대전광역시 서구갑/대전 서구갑/대전 서구갑/대전 서구갑/대전 서구갑,,,
HXT76735,"정무위원회, 국회운영위원회",더불어민주당/더불어민주당,0,,"정무위원회, 국회운영위원회","정무위원회, 국회운영위원회",,,,,더불어민주당/더불어민주당,,,더불어민주당/더불어민주당,,,박상혁,남,경기 김포시을/경기 김포시을,,,1973-03-20T00:00:00.000Z
X3170462,산업통상자원중소벤처기업위원회,미래통합당/국민의힘,0,,산업통상자원중소벤처기업위원회,산업통상자원중소벤처기업위원회,,,,,미래통합당/국민의힘,,,미래통합당/국민의힘,,,박성민,남,울산 중구/울산 중구,,,
IL74008M,교육위원회,더불어민주당/더불어민주당,0,,교육위원회,교육위원회,,,,,더불어민주당/더불어민주당,,,더불어민주당/더불어민주당,,,박성준,남,서울 중구성동구을/서울 중구성동구을,,,
DAN6731C,,/미래통합당,0,,,,,,,,/미래통합당,,,/미래통합당,,,박성중,남,서울 서초구을/서울 서초구을,,,
FU87526G,기획재정위원회,미래통합당/국민의힘,0,,기획재정위원회,기획재정위원회,,,,,미래통합당/국민의힘,,,미래통합당/국민의힘,,,박수영,남,부산 남구갑/부산 남구,,,
40S1959J,,더불어민주당,0,,,,,,,,더불어민주당,,,더불어민주당,,,박영순,남,대전 대덕구,,,
D0C85236,,/미래통합당,0,,,,,,,,/미래통합당,,,/미래통합당,,,박완수,남,경남 창원시의창구/경남 창원시의창구,,,
A3H7195R,,/더불어민주당/더불어민주당,0,,,,,,,,/더불어민주당/더불어민주당,,,/더불어민주당/더불어민주당,,,박완주,남,충남 천안시을/충남 천안시을/충남 천안시을,,,
PEP6922S,,더불어민주당/더불어민주당,0,,,,,,,,더불어민주당/더불어민주당,,,더불어민주당/더불어민주당,,,박용진,남,서울 강북구을/서울 강북구을,,,1971-04-17T00:00:00.000Z
QUO78839,,더불어민주당/더불어민주당,0,,,,,,,,더불어민주당/더불어민주당,,,더불어민주당/더불어민주당,,,박재호,남,부산 남구을/부산 남구을,,,
4019850M,기후에너지환경노동위원회,더불어민주당/더불어민주당/더불어민주당,0,,기후에너지환경노동위원회,기후에너지환경노동위원회,,,,,더불어민주당/더불어민주당/더불어민주당,,,더불어민주당/더불어민주당/더불어민주당,,,박정,남,경기 파주시을/경기 파주시을/경기 파주시을,,,
6RD62559,문화체육관광위원회,국민의힘/국민의힘,0,,문화체육관광위원회,문화체육관광위원회,,,,,국민의힘/국민의힘,,,국민의힘/국민의힘,,,박정하,남,강원 원주시갑/강원 원주시갑,,,
6AU2417B,"보건복지위원회, 순직 해병 수사 방해 및 사건 은폐 등의 진실규명을 위한 국정조사특별위원회",더불어민주당/더불어민주당/더불어민주당,0,,"보건복지위원회, 순직 해병 수사 방해 및 사건 은폐 등의 진실규명을 위한 국정조사특별위원회","보건복지위원회, 순직 해병 수사 방해 및 사건 은폐 등의 진실규명을 위한 국정조사특별위원회",,,,,더불어민주당/더불어민주당/더불어민주당,,,더불어민주당/더불어민주당/더불어민주당,,,박주민,남,서울 은평구갑/서울 은평구갑/서울 은평구갑,,,1973-11-21T00:00:00.000Z
QKO6165V,,///미래통합당,0,,,,,,,,///미래통합당,,,///미래통합당,,,박진,남,서울특별시 종로구/서울특별시 종로구/서울 종로구/서울 강남구을,,,
BT62420K,정무위원회,더불어민주당/더불어민주당/더불어민주당,0,,정무위원회,정무위원회,,,,,더불어민주당/더불어민주당/더불어민주당,,,더불어민주당/더불어민주당/더불어민주당,,,박찬대,남,인천 연수구갑/인천 연수구갑/인천 연수구갑,,,
6U243644,"예산결산특별위원회, 기후에너지환경노동위원회",미래통합당/국민의힘,0,,"예산결산특별위원회, 기후에너지환경노동위원회","예산결산특별위원회, 기후에너지환경노동위원회",,,,,미래통합당/국민의힘,,,미래통합당/국민의힘,,,박형수,남,경북 영주시영양군봉화군울진군/경북 의성군청송군영덕군울진군,,,
S824682L,기획재정위원회,/더불어민주당/더불어민주당/더불어민주당,0,,기획재정위원회,기획재정위원회,,,,,/더불어민주당/더불어민주당/더불어민주당,,,/더불어민주당/더불어민주당/더불어민주당,,,박홍근,남,서울 중랑구을/서울 중랑구을/서울 중랑구을/서울 중랑구을,,,
QQP4727N,"국토교통위원회, 예산결산특별위원회",미래통합당/국민의힘,0,,"국토교통위원회, 예산결산특별위원회","국토교통위원회, 예산결산특별위원회",,,,,미래통합당/국민의힘,,,미래통합당/국민의힘,,,배준영,남,인천 중구강화군옹진군/인천 중구강화군옹진군,,,1970-10-21T00:00:00.000Z
A2V51235,,정의당,0,,,,,,,,정의당,,,정의당,,,배진교,남,비례대표,,,
4X525582,문화체육관광위원회,미래통합당/국민의힘,0,,문화체육관광위원회,문화체육관광위원회,,,,,미래통합당/국민의힘,,,미래통합당/국민의힘,,,배현진,여,서울 송파구을/서울 송파구을,,,1983-11-06T00:00:00.000Z
CAA7713A,보건복지위원회,미래통합당/국민의힘,0,,보건복지위원회,보건복지위원회,,,,,미래통합당/국민의힘,,,미래통합당/국민의힘,,,백종헌,남,부산 금정구/부산 금정구,,,
HSS7466Y,"보건복지위원회, 윤석열정부의비상계엄선포를통한내란혐의진상규명국정조사특별위원회",더불어민주당/더불어민주당/더불어민주당,0,,"보건복지위원회, 윤석열정부의비상계엄선포를통한내란혐의진상규명국정조사특별위원회","보건복지위원회, 윤석열정부의비상계엄선포를통한내란혐의진상규명국정조사특별위원회",,,,,더불어민주당/더불어민주당/더불어민주당,,,더불어민주당/더불어민주당/더불어민주당,,,백혜련,여,경기 수원시을/경기 수원시을/경기 수원시을,,,
MO52543L,,///더불어민주당/더불어민주당,0,,,,,,,,///더불어민주당/더불어민주당,,,///더불어민주당/더불어민주당,,,변재일,남,충청북도 청원군/충북 청원군/충북 청원군/충북 청주시청원구/충북 청주시청원구,,,
0PK7354M,,더불어민주당,0,,,,,,,,더불어민주당,,,더불어민주당,,,서동용,남,전남 순천시광양시곡성군구례군을,,,
L7J93733,"기후위기 특별위원회, 행정안전위원회, 예산결산특별위원회, 성평등가족위원회",미래통합당/국민의힘,0,,"기후위기 특별위원회, 행정안전위원회, 예산결산특별위원회, 성평등가족위원회","기후위기 특별위원회, 행정안전위원회, 예산결산특별위원회, 성평등가족위원회",,,,,미래통합당/국민의힘,,,미래통합당/국민의힘,,,서범수,남,울산 울주군/울산 울주군,,,
CT85313K,,////미래통합당,0,,,,,,,,////미래통합당,,,////미래통합당,,,서병수,남,부산광역시 해운대구 기장군갑/부산광역시 해운대구 기장군갑/부산 해운대구기장군갑/부산 해운대구기장군갑/부산 진구갑,,,
FOK3459D,농림축산식품해양수산위원회,더불어민주당/더불어민주당/더불어민주당,0,,농림축산식품해양수산위원회,농림축산식품해양수산위원회,,,,,더불어민주당/더불어민주당/더불어민주당,,,더불어민주당/더불어민주당/더불어민주당,,,서삼석,남,전남 영암군무안군신안군/전남 영암군무안군신안군/전남 영암군무안군신안군,,,
TKJ4800F,"법제사법위원회, 성평등가족위원회",/더불어민주당/더불어민주당/더불어민주당,0,,"법제사법위원회, 성평등가족위원회","법제사법위원회, 성평등가족위원회",,,,,/더불어민주당/더불어민주당/더불어민주당,,,/더불어민주당/더불어민주당/더불어민주당,,,서영교,여,서울 중랑구갑/서울 중랑구갑/서울 중랑구갑/서울 중랑구갑,,,
XR24352K,보건복지위원회,더불어민주당/더불어민주당,0,,보건복지위원회,보건복지위원회,,,,,더불어민주당/더불어민주당,,,더불어민주당/더불어민주당,,,서영석,남,경기 부천시정/경기 부천시갑,,,
MR210505,산업통상자원중소벤처기업위원회,미래통합당/국민의힘,0,,산업통상자원중소벤처기업위원회,산업통상자원중소벤처기업위원회,,,,,미래통합당/국민의힘,,,미래통합당/국민의힘,,,서일준,남,경남 거제시/경남 거제시,,,
WFU14784,,미래한국당,0,,,,,,,,미래한국당,,,미래한국당,,,서정숙,여,비례대표,,,
OW53107J,,///더불어민주당/더불어민주당,0,,,,,,,,///더불어민주당/더불어민주당,,,///더불어민주당/더불어민주당,,,설훈,남,서울 도봉구을/서울특별시 도봉구을/경기 부천시원미구을/경기 부천시원미구을/경기 부천시을,,,
7XY7109I,국방위원회,/미래통합당/국민의힘,0,,국방위원회,국방위원회,,,,,/미래통합당/국민의힘,,,/미래통합당/국민의힘,,,성일종,남,충남 서산시태안군/충남 서산시태안군/충남 서산시태안군,,,
17M85910,,더불어민주당,0,,,,,,,,더불어민주당,,,더불어민주당,,,소병철,남,전남 순천시광양시곡성군구례군갑,,,
ZDR63255,보건복지위원회,더불어민주당/더불어민주당/더불어민주당,0,,보건복지위원회,보건복지위원회,,,,,더불어민주당/더불어민주당/더불어민주당,,,더불어민주당/더불어민주당/더불어민주당,,,소병훈,남,경기 광주시갑/경기 광주시갑/경기 광주시갑,,,
RD42006Y,,더불어민주당/더불어민주당,0,,,,,,,,더불어민주당/더불어민주당,,,더불어민주당/더불어민주당,,,송갑석,남,광주 서구갑/광주 서구갑,,,
SQ36001H,"국토교통위원회, 예산결산특별위원회",더불어민주당/더불어민주당/더불어민주당,0,,"국토교통위원회, 예산결산특별위원회","국토교통위원회, 예산결산특별위원회",,,,,더불어민주당/더불어민주당/더불어민주당,,,더불어민주당/더불어민주당/더불어민주당,,,송기헌,남,강원 원주시을/강원 원주시을/강원 원주시을,,,
CNW5754J,"법제사법위원회, 순직 해병 수사 방해 및 사건 은폐 등의 진실규명을 위한 국정조사특별위원회",/미래통합당/국민의힘,0,,"법제사법위원회, 순직 해병 수사 방해 및 사건 은폐 등의 진실규명을 위한 국정조사특별위원회","법제사법위원회, 순직 해병 수사 방해 및 사건 은폐 등의 진실규명을 위한 국정조사특별위원회",,,,,/미래통합당/국민의힘,,,/미래통합당/국민의힘,,,송석준,남,경기 이천시/경기 이천시/경기 이천시,,,
6EN68926,"정보위원회, 국회운영위원회, 외교통일위원회",미래통합당/국민의힘,0,,"정보위원회, 국회운영위원회, 외교통일위원회","정보위원회, 국회운영위원회, 외교통일위원회",,,,,/미래통합당/국민의힘,,,/미래통합당/국민의힘,,,송언석,남,경북 김천시/경북 김천시/경북 김천시,,,
PAO22428,,///더불어민주당/더불어민주당,0,,,,,,,,///더불어민주당/더불어민주당,,,///더불어민주당/더불어민주당,,,송영길,남,인천 계양구/인천 계양구을/인천 계양구을/인천 계양구을/인천 계양구을,,,
3249208I,농림축산식품해양수산위원회,더불어민주당/더불어민주당/더불어민주당,0,,농림축산식품해양수산위원회,농림축산식품해양수산위원회,,,,,더불어민주당/더불어민주당/더불어민주당,,,더불어민주당/더불어민주당/더불어민주당,,,송옥주,여,비례대표/경기 화성시갑/경기 화성시갑,,,
LM13674V,,더불어민주당,0,,,,,,,,더불어민주당,,,더불어민주당,,,송재호,남,제주 제주시갑,,,
G1570880,,더불어민주당/더불어민주당,0,,,,,,,,더불어민주당/더불어민주당,,,더불어민주당/더불어민주당,,,신동근,남,인천 서구을/인천 서구을,,,
AFH96856,국토교통위원회,더불어민주당/더불어민주당,0,,국토교통위원회,국토교통위원회,,,,,더불어민주당/더불어민주당,,,더불어민주당/더불어민주당,,,신영대,남,전북 군산시/전북 군산시김제시부안군갑,,,
SRP7336N,,미래한국당,0,,,,,,,,미래한국당,,,미래한국당,,,신원식,남,비례대표,,,
M7O7878U,행정안전위원회,/더불어민주당/더불어민주당,0,,행정안전위원회,행정안전위원회,,,,,/더불어민주당/더불어민주당,,,/더불어민주당/더불어민주당,,,신정훈,남,전남 나주시화순군/전남 나주시화순군/전남 나주시화순군,,,
F5Y4026Q,,더불어시민당,0,,,,,,,,더불어시민당,,,더불어시민당,,,신현영,여,비례대표,,,1980-11-17T00:00:00.000Z
SU53086M,,민주노동당/통합진보당/정의당/정의당,0,,,,,,,,민주노동당/통합진보당/정의당/정의당,,,민주노동당/통합진보당/정의당/정의당,,,심상정,여,비례대표/경기 고양시덕양구갑/경기 고양시갑/경기 고양시갑,,,
TST4507I,"윤석열정부의비상계엄선포를통한내란혐의진상규명국정조사특별위원회, 기획재정위원회",//더불어민주당/더불어민주당/더불어민주당,0,,"윤석열정부의비상계엄선포를통한내란혐의진상규명국정조사특별위원회, 기획재정위원회","윤석열정부의비상계엄선포를통한내란혐의진상규명국정조사특별위원회, 기획재정위원회",,,,,//더불어민주당/더불어민주당/더불어민주당,,,//더불어민주당/더불어민주당/더불어민주당,,,안규백,남,비례대표/서울 동대문구갑/서울 동대문구갑/서울 동대문구갑/서울 동대문구갑,,,
ZA54991S,,///더불어민주당/더불어민주당,0,,,,,,,,///더불어민주당/더불어민주당,,,///더불어민주당/더불어민주당,,,안민석,남,경기 오산시화성군/경기 오산시/경기 오산시/경기 오산시/경기 오산시,,,
6MO8786S,,미래통합당,0,,,,,,,,미래통합당,,,미래통합당,,,안병길,남,부산 서구동구,,,
YOG1280B,외교통일위원회,무소속/국민의당/국민의힘/국민의힘,0,,외교통일위원회,외교통일위원회,,,,,무소속/국민의당/국민의힘/국민의힘,,,무소속/국민의당/국민의힘/국민의힘,,,안철수,남,서울 노원구병/서울 노원구병/경기 성남시분당구갑/경기 성남시분당구갑,,,
XEF29171,기후에너지환경노동위원회,더불어민주당/더불어민주당/더불어민주당,0,,기후에너지환경노동위원회,기후에너지환경노동위원회,,,,,더불어민주당/더불어민주당/더불어민주당,,,더불어민주당/더불어민주당/더불어민주당,,,안호영,남,전북 완주군진안군무주군장수군/전북 완주군진안군무주군장수군/전북 완주군진안군무주군,,,
DV77269P,,정의당,0,,,,,,,,정의당,,,정의당,,,양경규,남,비례대표,,,
9V18755A,,더불어시민당,0,,,,,,,,더불어시민당,,,더불어시민당,,,양경숙,여,비례대표,,,
VG24001G,,미래통합당,0,,,,,,,,미래통합당,,,미래통합당,,,양금희,여,대구 북구갑,,,
KUO3574J,,더불어민주당,0,,,,,,,,더불어민주당,,,더불어민주당,,,양기대,남,경기 광명시을,,,
7O71647Z,,더불어시민당,0,,,,,,,,더불어시민당,,,더불어시민당,,,양이원영,여,비례대표,,,1971-05-14T00:00:00.000Z
PZA4062H,,무소속,0,,,,,,,,무소속,,,무소속,,,양정숙,여,비례대표,,,
WHV3448W,,더불어민주당,0,,,,,,,,더불어민주당,,,더불어민주당,,,양향자,여,광주 서구을,,,
8FB1535Y,농림축산식품해양수산위원회,더불어민주당/더불어민주당/더불어민주당,0,,농림축산식품해양수산위원회,농림축산식품해양수산위원회,,,,,더불어민주당/더불어민주당/더불어민주당,,,더불어민주당/더불어민주당/더불어민주당,,,어기구,남,충남 당진시/충남 당진시/충남 당진시,,,
8348421R,국토교통위원회,미래통합당/국민의힘,0,,국토교통위원회,국토교통위원회,,,,,미래통합당/국민의힘,,,미래통합당/국민의힘,,,엄태영,남,충북 제천시단양군/충북 제천시단양군,,,
OIA3741M,"기획재정위원회, 연금개혁 특별위원회",더불어민주당/더불어민주당,0,,"기획재정위원회, 연금개혁 특별위원회","기획재정위원회, 연금개혁 특별위원회",,,,,더불어민주당/더불어민주당,,,더불어민주당/더불어민주당,,,오기형,남,서울 도봉구을/서울 도봉구을,,,
MY318392,,더불어민주당,0,,,,,,,,더불어민주당,,,더불어민주당,,,오영환,남,경기 의정부시갑,,,1988-02-10T00:00:00.000Z
21N57758,,더불어민주당/더불어민주당,0,,,,,,,,더불어민주당/더불어민주당,,,더불어민주당/더불어민주당,,,오영훈,남,제주 제주시을/제주 제주시을,,,
GE71932C,"행정안전위원회, 윤석열정부의비상계엄선포를통한내란혐의진상규명국정조사특별위원회",기본소득당/더불어민주연합,0,,"행정안전위원회, 윤석열정부의비상계엄선포를통한내란혐의진상규명국정조사특별위원회","행정안전위원회, 윤석열정부의비상계엄선포를통한내란혐의진상규명국정조사특별위원회",,,,,기본소득당/더불어민주연합,,,기본소득당/더불어민주연합,,,용혜인,여,비례대표/비례대표,,,1990-04-12T00:00:00.000Z
V0O5343U,,//더불어민주당/더불어민주당,0,,,,,,,,//더불어민주당/더불어민주당,,,//더불어민주당/더불어민주당,,,우상호,남,서울특별시 서대문구갑/서울 서대문구갑/서울 서대문구갑/서울 서대문구갑,,,
F0I5053J,,국민의힘,0,,,,,,,,국민의힘,,,국민의힘,,,우신구,남,비례대표,,,
XBT9550Q,,//더불어민주당/더불어민주당/더불어민주당,0,,,,,,,,//더불어민주당/더불어민주당/더불어민주당,,,//더불어민주당/더불어민주당/더불어민주당,,,우원식,남,서울특별시 노원구을/서울 노원구을/서울 노원구을/서울 노원구을/서울 노원구갑,,,
RQQ3807K,"행정안전위원회, 기후위기 특별위원회",더불어민주당/더불어민주당/더불어민주당,0,,"행정안전위원회, 기후위기 특별위원회","행정안전위원회, 기후위기 특별위원회",,,,,더불어민주당/더불어민주당/더불어민주당,,,더불어민주당/더불어민주당/더불어민주당,,,위성곤,남,제주 서귀포시/제주 서귀포시/제주 서귀포시,,,
9L57027L,,미래통합당,0,,,,,,,,미래통합당,,,미래통합당,,,유경준,남,서울 강남구병,,,
8FC9697X,,//더불어민주당,0,,,,,,,,//더불어민주당,,,//더불어민주당,,,유기홍,남,서울특별시 관악구갑/서울 관악구갑/서울 관악구갑,,,
GX38539O,정무위원회,더불어민주당/더불어민주당/더불어민주당,0,,정무위원회,정무위원회,,,,,더불어민주당/더불어민주당/더불어민주당,,,더불어민주당/더불어민주당/더불어민주당,,,유동수,남,인천 계양구갑/인천 계양구갑/인천 계양구갑,,,
MU69217P,"순직 해병 수사 방해 및 사건 은폐 등의 진실규명을 위한 국정조사특별위원회, 기획재정위원회, 국회운영위원회",미래통합당/국민의힘,0,,"순직 해병 수사 방해 및 사건 은폐 등의 진실규명을 위한 국정조사특별위원회, 기획재정위원회, 국회운영위원회","순직 해병 수사 방해 및 사건 은폐 등의 진실규명을 위한 국정조사특별위원회, 기획재정위원회, 국회운영위원회",,,,,미래통합당/국민의힘,,,미래통합당/국민의힘,,,유상범,남,강원 홍천군횡성군영월군평창군/강원 홍천군횡성군영월군평창군,,,
MRK4871S,,//미래통합당,0,,,,,,,,//미래통합당,,,//미래통합당,,,유의동,남,경기 평택시을/경기 평택시을/경기 평택시을,,,1971-06-23T00:00:00.000Z
0WL9321T,,더불어시민당,0,,,,,,,,더불어시민당,,,더불어시민당,,,유정주,여,비례대표,,,1975-12-13T00:00:00.000Z
GP07421U,"행정안전위원회, 윤석열정부의비상계엄선포를통한내란혐의진상규명국정조사특별위원회, 정보위원회",더불어민주당/더불어민주당,0,,"행정안전위원회, 윤석열정부의비상계엄선포를통한내란혐의진상규명국정조사특별위원회, 정보위원회","행정안전위원회, 윤석열정부의비상계엄선포를통한내란혐의진상규명국정조사특별위원회, 정보위원회",,,,,더불어민주당/더불어민주당,,,더불어민주당/더불어민주당,,,윤건영,남,서울 구로구을/서울 구로구을,,,
JMY9959W,,/더불어민주당/더불어민주당,0,,,,,,,,/더불어민주당/더불어민주당,,,/더불어민주당/더불어민주당,,,윤관석,남,인천 남동구을/인천 남동구을/인천 남동구을,,,
7JC3239L,,미래통합당,0,,,,,,,,미래통합당,,,미래통합당,,,윤두현,남,경북 경산시,,,
KNM3215T,,더불어시민당,0,,,,,,,,더불어시민당,,,더불어시민당,,,윤미향,여,비례대표,,,
MSY7784L,기후에너지환경노동위원회,//무소속/국민의힘/국민의힘,0,,기후에너지환경노동위원회,기후에너지환경노동위원회,,,,,//무소속/국민의힘/국민의힘,,,//무소속/국민의힘/국민의힘,,,윤상현,남,인천 남구을/인천 남구을/인천 남구을/인천 동구미추홀구을/인천 동구미추홀구을,,,
KFS1358P,,더불어민주당,0,,,,,,,,더불어민주당,,,더불어민주당,,,윤영덕,남,광주 동구남구갑,,,
9VR65006,"연금개혁 특별위원회, 기획재정위원회",//미래통합당/국민의힘,0,,"연금개혁 특별위원회, 기획재정위원회","연금개혁 특별위원회, 기획재정위원회",,,,,//미래통합당/국민의힘,,,//미래통합당/국민의힘,,,윤영석,남,경남 양산시/경남 양산시갑/경남 양산시갑/경남 양산시갑,,,
XWX1513T,,더불어민주당,0,,,,,,,,더불어민주당,,,더불어민주당,,,윤영찬,남,경기 성남시중원구,,,
SE233396,,더불어민주당,0,,,,,,,,더불어민주당,,,더불어민주당,,,윤재갑,남,전남 해남군완도군진도군,,,
ZRF3039U,국토교통위원회,//미래통합당/국민의힘,0,,국토교통위원회,국토교통위원회,,,,,//미래통합당/국민의힘,,,//미래통합당/국민의힘,,,윤재옥,남,대구 달서구을/대구 달서구을/대구 달서구을/대구 달서구을,,,
ZDP5704Q,,미래한국당,0,,,,,,,,미래한국당,,,미래한국당,,,윤주경,여,비례대표,,,
JC14718Q,농림축산식품해양수산위원회,더불어민주당/더불어민주당,0,,농림축산식품해양수산위원회,농림축산식품해양수산위원회,,,,,더불어민주당/더불어민주당,,,더불어민주당/더불어민주당,,,윤준병,남,전북 정읍시고창군/전북 정읍시고창군,,,
40E3739H,,미래한국당,0,,,,,,,,미래한국당,,,미래한국당,,,윤창현,남,비례대표,,,
8X15119P,정무위원회,/미래통합당/국민의힘,0,,정무위원회,정무위원회,,,,,/미래통합당/국민의힘,,,/미래통합당/국민의힘,,,윤한홍,남,경남 창원시마산회원구/경남 창원시마산회원구/경남 창원시마산회원구,,,
M0A1658U,보건복지위원회,//더불어민주당/더불어민주당/더불어민주당,0,,보건복지위원회,보건복지위원회,,,,,//더불어민주당/더불어민주당/더불어민주당,,,//더불어민주당/더불어민주당/더불어민주당,,,윤호중,남,경기도 구리시/경기 구리시/경기 구리시/경기 구리시/경기 구리시,,,
O7R5461J,"외교통일위원회, 2025 아시아태평양경제협력체(APEC) 정상회의 지원 특별위원회, 예산결산특별위원회",/더불어민주당/더불어민주당/더불어민주당,0,,"외교통일위원회, 2025 아시아태평양경제협력체(APEC) 정상회의 지원 특별위원회, 예산결산특별위원회","외교통일위원회, 2025 아시아태평양경제협력체(APEC) 정상회의 지원 특별위원회, 예산결산특별위원회",,,,,/더불어민주당/더불어민주당/더불어민주당,,,/더불어민주당/더불어민주당/더불어민주당,,,윤후덕,남,경기 파주시갑/경기 파주시갑/경기 파주시갑/경기 파주시갑,,,
IUL4848V,,미래통합당,0,,,,,,,,미래통합당,,,미래통합당,,,윤희숙,여,서울 서초구갑,,,1970-02-07T00:00:00.000Z
I7R13867,보건복지위원회,/더불어민주당/더불어민주당/더불어민주당,0,,보건복지위원회,보건복지위원회,,,,,/더불어민주당/더불어민주당/더불어민주당,,,/더불어민주당/더불어민주당/더불어민주당,,,이개호,남,전남 담양군함평군영광군장성군/전남 담양군함평군영광군장성군/전남 담양군함평군영광군장성군/전남 담양군함평군영광군장성군,,,
4A067125,,//더불어민주당,0,,,,,,,,//더불어민주당,,,//더불어민주당,,,이광재,남,"강원 태백시정선군/강원 태백시,영월,평창,정선군/강원 원주시갑",,,
AE685067,,더불어민주당,0,,,,,,,,더불어민주당,,,더불어민주당,,,이규민,남,경기 안성시,,,
0767470D,,////더불어민주당,0,,,,,,,,////더불어민주당,,,////더불어민주당,,,이낙연,남,"전라남도 함평,영광군/전라남도 함평,영광군/전남 함평군영광군장성군/전남 담양군함평군영광군장성군/서울 종로구",,,
QUM8288K,,/미래통합당,0,,,,,,,,/미래통합당,,,/미래통합당,,,이달곤,남,비례대표/경남 창원시진해구,,,
RO593601,,더불어시민당,0,,,,,,,,더불어시민당,,,더불어시민당,,,이동주,남,비례대표,,,1972-09-04T00:00:00.000Z
OSV9142K,"2025 아시아태평양경제협력체(APEC) 정상회의 지원 특별위원회, 산불피해지원대책 특별위원회, 농림축산식품해양수산위원회",/미래통합당/국민의힘,0,,"2025 아시아태평양경제협력체(APEC) 정상회의 지원 특별위원회, 산불피해지원대책 특별위원회, 농림축산식품해양수산위원회","2025 아시아태평양경제협력체(APEC) 정상회의 지원 특별위원회, 산불피해지원대책 특별위원회, 농림축산식품해양수산위원회",,,,,/미래통합당/국민의힘,,,/미래통합당/국민의힘,,,이만희,남,경북 영천시청도군/경북 영천시청도군/경북 영천시청도군,,,
6YT83269,,///미래통합당,0,,,,,,,,///미래통합당,,,///미래통합당,,,이명수,남,충남 아산시/충남 아산시/충남 아산시갑/충남 아산시갑,,,
HKJ99607,,더불어민주당,0,,,,,,,,더불어민주당,,,더불어민주당,,,이병훈,남,광주 동구남구을,,,
ZYH1940A,,///더불어민주당/더불어민주당,0,,,,,,,,///더불어민주당/더불어민주당,,,///더불어민주당/더불어민주당,,,이상민,남,대전광역시 유성구/대전 유성구/대전 유성구/대전 유성구을/대전 유성구을,,,
CFE3998F,,/더불어민주당,0,,,,,,,,/더불어민주당,,,/더불어민주당,,,이상직,남,전북 전주시완산구을/전북 전주시을,,,
WVU2479T,,더불어민주당/더불어민주당,0,,,,,,,,더불어민주당/더불어민주당,,,더불어민주당/더불어민주당,,,이상헌,남,울산 북구/울산 북구,,,
8KF7223D,,더불어민주당,0,,,,,,,,더불어민주당,,,더불어민주당,,,이성만,남,인천 부평구갑,,,
WTR5885Y,"기후위기 특별위원회, 예산결산특별위원회, 기획재정위원회",더불어민주당/더불어민주당,0,,"기후위기 특별위원회, 예산결산특별위원회, 기획재정위원회","기후위기 특별위원회, 예산결산특별위원회, 기획재정위원회",,,,,더불어민주당/더불어민주당,,,더불어민주당/더불어민주당,,,이소영,여,경기 의왕시과천시/경기 의왕시과천시,,,1985-02-10T00:00:00.000Z
D4L60530,,더불어민주당,0,,,,,,,,더불어민주당,,,더불어민주당,,,이수진,여,서울 동작구을,,,
0R68099X,"보건복지위원회, 예산결산특별위원회",더불어시민당/더불어민주당,0,,"보건복지위원회, 예산결산특별위원회","보건복지위원회, 예산결산특별위원회",,,,,더불어시민당/더불어민주당,,,더불어시민당/더불어민주당,,,이수진,여,비례대표/경기 성남시중원구,,,
S9U45255,정무위원회,/미래통합당/국민의힘,0,,정무위원회,정무위원회,,,,,/미래통합당/국민의힘,,,/미래통합당/국민의힘,,,이양수,남,강원 속초시고성군양양군/강원 속초시인제군고성군양양군/강원 속초시인제군고성군양양군,,,
1X376850,,미래한국당,0,,,,,,,,미래한국당,,,미래한국당,,,이영,여,비례대표,,,
5UN9725L,,미래한국당,0,,,,,,,,미래한국당,,,미래한국당,,,이용,남,비례대표,,,1978-06-23T00:00:00.000Z
GKD32201,,더불어민주당,0,,,,,,,,더불어민주당,,,더불어민주당,,,이용빈,남,광주 광산구갑,,,
9JF4562W,외교통일위원회,더불어민주당/더불어민주당,0,,외교통일위원회,외교통일위원회,,,,,더불어민주당/더불어민주당,,,더불어민주당/더불어민주당,,,이용선,남,서울 양천구을/서울 양천구을,,,
G7512472,,더불어민주당,0,,,,,,,,더불어민주당,,,더불어민주당,,,이용우,남,경기 고양시정,,,
DBA1057Z,,국민의당/무소속,0,,,,,,,,국민의당/무소속,,,국민의당/무소속,,,이용호,남,전북 남원시임실군순창군/전북 남원시임실군순창군,,,
16D7652C,,/더불어민주당/더불어민주당,0,,,,,,,,/더불어민주당/더불어민주당,,,/더불어민주당/더불어민주당,,,이원욱,남,경기 화성시을/경기 화성시을/경기 화성시을,,,
DAV7257X,"농림축산식품해양수산위원회, 산불피해지원대책 특별위원회",더불어민주당/더불어민주당,0,,"농림축산식품해양수산위원회, 산불피해지원대책 특별위원회","농림축산식품해양수산위원회, 산불피해지원대책 특별위원회",,,,,더불어민주당/더불어민주당,,,더불어민주당/더불어민주당,,,이원택,남,전북 김제시부안군/전북 군산시김제시부안군을,,,1970-01-25T00:00:00.000Z
W1Q6753M,,정의당,0,,,,,,,,정의당,,,정의당,,,이은주,여,비례대표,,,
DWK26447,"기획재정위원회, 2025 아시아태평양경제협력체(APEC) 정상회의 지원 특별위원회, 성평등가족위원회",국민의힘/국민의힘,0,,"기획재정위원회, 2025 아시아태평양경제협력체(APEC) 정상회의 지원 특별위원회, 성평등가족위원회","기획재정위원회, 2025 아시아태평양경제협력체(APEC) 정상회의 지원 특별위원회, 성평등가족위원회",,,,,국민의힘/국민의힘,,,국민의힘/국민의힘,,,이인선,여,대구 수성구을/대구 수성구을,,,
3ZR4438W,"정무위원회, 정보위원회",//더불어민주당/더불어민주당/더불어민주당,0,,"정무위원회, 정보위원회","정무위원회, 정보위원회",,,,,//더불어민주당/더불어민주당/더불어민주당,,,//더불어민주당/더불어민주당/더불어민주당,,,이인영,남,서울특별시 구로구갑/서울 구로구갑/서울 구로구갑/서울 구로구갑/서울 구로구갑,,,
SZ51175J,,/정의당,0,,,,,,,,/정의당,,,/정의당,,,이자스민,여,비례대표/비례대표,,,1977-01-06T00:00:00.000Z
7I09543O,,더불어민주당,0,,,,,,,,더불어민주당,,,더불어민주당,,,이장섭,남,충북 청주시서원구,,,
IUD9392R,외교통일위원회,더불어민주당/더불어민주당,0,,,외교통일위원회,,,,,더불어민주당/더불어민주당,,,더불어민주당/더불어민주당,,,이재명,남,인천 계양구을/인천 계양구을,,,
UQ282145,외교통일위원회,더불어민주당/더불어민주당/더불어민주당,0,,외교통일위원회,외교통일위원회,,,,,더불어민주당/더불어민주당/더불어민주당,,,더불어민주당/더불어민주당/더불어민주당,,,이재정,여,비례대표/경기 안양시동안구을/경기 안양시동안구을,,,1974-08-02T00:00:00.000Z
O0I2045I,정무위원회,더불어민주당/더불어민주당,0,,정무위원회,정무위원회,,,,,더불어민주당/더불어민주당,,,더불어민주당/더불어민주당,,,이정문,남,충남 천안시병/충남 천안시병,,,1973-01-05T00:00:00.000Z
HSW1214Q,"예산결산특별위원회, 기후에너지환경노동위원회",//미래통합당/국민의힘,0,,"예산결산특별위원회, 기후에너지환경노동위원회","예산결산특별위원회, 기후에너지환경노동위원회",,,,,//미래통합당/국민의힘,,,//미래통합당/국민의힘,,,이종배,남,충북 충주시/충북 충주시/충북 충주시/충북 충주시,,,
FDC3144T,,미래한국당,0,,,,,,,,미래한국당,,,미래한국당,,,이종성,남,비례대표,,,1970-02-17T00:00:00.000Z
3RW63706,,미래통합당,0,,,,,,,,미래통합당,,,미래통합당,,,이주환,남,부산 연제구,,,
WDS6044S,,//미래통합당,0,,,,,,,,//미래통합당,,,//미래통합당,,,이채익,남,울산 남구갑/울산 남구갑/울산 남구갑,,,
TZP9391O,산업통상자원중소벤처기업위원회,무소속/미래통합당/국민의힘,0,,산업통상자원중소벤처기업위원회,산업통상자원중소벤처기업위원회,,,,,무소속/미래통합당/국민의힘,,,무소속/미래통합당/국민의힘,,,이철규,남,강원 동해시삼척시/강원 동해시태백시삼척시정선군/강원 동해시태백시삼척시정선군,,,
9S151177,,더불어민주당,0,,,,,,,,더불어민주당,,,더불어민주당,,,이탄희,남,경기 용인시정,,,1978-11-03T00:00:00.000Z
QTW6852F,,국민의당/국민의당,0,,,,,,,,국민의당/국민의당,,,국민의당/국민의당,,,이태규,남,비례대표/비례대표,,,
K5F2023J,기후에너지환경노동위원회,/더불어민주당/더불어민주당/더불어민주당,0,,기후에너지환경노동위원회,기후에너지환경노동위원회,,,,,/더불어민주당/더불어민주당/더불어민주당,,,/더불어민주당/더불어민주당/더불어민주당,,,이학영,남,경기 군포시/경기 군포시을/경기 군포시/경기 군포시,,,
CCU1009B,행정안전위원회,더불어민주당/더불어민주당,0,,행정안전위원회,행정안전위원회,,,,,더불어민주당/더불어민주당,,,더불어민주당/더불어민주당,,,이해식,남,서울 강동구을/서울 강동구을,,,
EVH1507C,"정무위원회, 기후위기 특별위원회",//미래통합당/국민의힘,0,,"정무위원회, 기후위기 특별위원회","정무위원회, 기후위기 특별위원회",,,,,//미래통합당/국민의힘,,,//미래통합당/국민의힘,,,이헌승,남,부산 부산진구을/부산 부산진구을/부산 부산진구을/부산 부산진구을,,,
IOW8224X,,더불어민주당,0,,,,,,,,더불어민주당,,,더불어민주당,,,이형석,남,광주 북구을,,,
UM51067K,,/더불어민주당/더불어민주당,0,,,,,,,,/더불어민주당/더불어민주당,,,/더불어민주당/더불어민주당,,,인재근,여,서울 도봉구갑/서울 도봉구갑/서울 도봉구갑,,,
NLR6572J,,무소속,0,,,,,,,,무소속,,,무소속,,,임병헌,남,대구 중구남구,,,
4T026790,문화체육관광위원회,더불어민주당/더불어민주당,0,,문화체육관광위원회,문화체육관광위원회,,,,,더불어민주당/더불어민주당,,,더불어민주당/더불어민주당,,,임오경,여,경기 광명시갑/경기 광명시갑,,,1971-12-11T00:00:00.000Z
EH27538E,"기후위기 특별위원회, 기획재정위원회",/미래통합당/국민의힘,0,,"기후위기 특별위원회, 기획재정위원회","기후위기 특별위원회, 기획재정위원회",,,,,/미래통합당/국민의힘,,,/미래통합당/국민의힘,,,임이자,여,비례대표/경북 상주시문경시 /경북 상주시문경시 ,,,
E6U4345C,,더불어민주당/더불어민주당,0,,,,,,,,더불어민주당/더불어민주당,,,더불어민주당/더불어민주당,,,임종성,남,경기 광주시을/경기 광주시을,,,
FH777496,농림축산식품해양수산위원회,더불어민주당/더불어민주당,0,,농림축산식품해양수산위원회,농림축산식품해양수산위원회,,,,,더불어민주당/더불어민주당,,,더불어민주당/더불어민주당,,,임호선,남,충북 증평군진천군음성군/충북 증평군진천군음성군,,,
RPN2293B,"순직 해병 수사 방해 및 사건 은폐 등의 진실규명을 위한 국정조사특별위원회, 2025 아시아태평양경제협력체(APEC) 정상회의 지원 특별위원회, 법제사법위원회",더불어민주당/더불어민주당,0,,"순직 해병 수사 방해 및 사건 은폐 등의 진실규명을 위한 국정조사특별위원회, 2025 아시아태평양경제협력체(APEC) 정상회의 지원 특별위원회, 법제사법위원회","순직 해병 수사 방해 및 사건 은폐 등의 진실규명을 위한 국정조사특별위원회, 2025 아시아태평양경제협력체(APEC) 정상회의 지원 특별위원회, 법제사법위원회",,,,,더불어민주당/더불어민주당,,,더불어민주당/더불어민주당,,,장경태,남,서울 동대문구을/서울 동대문구을,,,1983-10-12T00:00:00.000Z
KFM1081G,"순직 해병 수사 방해 및 사건 은폐 등의 진실규명을 위한 국정조사특별위원회, 윤석열정부의비상계엄선포를통한내란혐의진상규명국정조사특별위원회, 산업통상자원중소벤처기업위원회",국민의힘/국민의힘,0,,"순직 해병 수사 방해 및 사건 은폐 등의 진실규명을 위한 국정조사특별위원회, 윤석열정부의비상계엄선포를통한내란혐의진상규명국정조사특별위원회, 산업통상자원중소벤처기업위원회","순직 해병 수사 방해 및 사건 은폐 등의 진실규명을 위한 국정조사특별위원회, 윤석열정부의비상계엄선포를통한내란혐의진상규명국정조사특별위원회, 산업통상자원중소벤처기업위원회",,,,,국민의힘/국민의힘,,,국민의힘/국민의힘,,,장동혁,남,충남 보령시서천군/충남 보령시서천군,,,
CZB4125D,,/무소속/미래통합당,0,,,,,,,,/무소속/미래통합당,,,/무소속/미래통합당,,,장제원,남,부산 사상구/부산 사상구/부산 사상구,,,
2NV6751W,"산업통상자원중소벤처기업위원회, 성평등가족위원회",더불어민주당/더불어민주당,0,,"산업통상자원중소벤처기업위원회, 성평등가족위원회","산업통상자원중소벤처기업위원회, 성평등가족위원회",,,,,더불어민주당/더불어민주당,,,더불어민주당/더불어민주당,,,장철민,남,대전 동구/대전 동구,,,1983-05-16T00:00:00.000Z
GAV6441G,,정의당,0,,,,,,,,정의당,,,정의당,,,장혜영,여,비례대표,,,1987-04-08T00:00:00.000Z
DPZ7685X,,미래통합당,0,,,,,,,,미래통합당,,,미래통합당,,,전봉민,남,부산 수영구,,,1972-10-21T00:00:00.000Z
TJW93720,"국토교통위원회, 순직 해병 수사 방해 및 사건 은폐 등의 진실규명을 위한 국정조사특별위원회, 국회운영위원회",더불어시민당/더불어민주당,0,,"국토교통위원회, 순직 해병 수사 방해 및 사건 은폐 등의 진실규명을 위한 국정조사특별위원회, 국회운영위원회","국토교통위원회, 순직 해병 수사 방해 및 사건 은폐 등의 진실규명을 위한 국정조사특별위원회, 국회운영위원회",,,,,더불어시민당/더불어민주당,,,더불어시민당/더불어민주당,,,전용기,남,비례대표/경기 화성시정,,,1991-10-26T00:00:00.000Z
9YO73104,산업통상자원중소벤처기업위원회,더불어민주당/더불어민주당/더불어민주당,0,,산업통상자원중소벤처기업위원회,산업통상자원중소벤처기업위원회,,,,,더불어민주당/더불어민주당/더불어민주당,,,더불어민주당/더불어민주당/더불어민주당,,,전재수,남,부산 북구강서구갑/부산 북구강서구갑/부산 북구갑,,,1971-04-20T00:00:00.000Z
71J2365L,,미래한국당,0,,,,,,,,미래한국당,,,미래한국당,,,전주혜,여,비례대표,,,
BM63269Y,,/더불어민주당/더불어민주당,0,,,,,,,,/더불어민주당/더불어민주당,,,/더불어민주당/더불어민주당,,,전해철,남,경기 안산시상록구갑/경기 안산시상록구갑/경기 안산시상록구갑,,,
N9X9673B,,/더불어민주당/더불어민주당,0,,,,,,,,/더불어민주당/더불어민주당,,,/더불어민주당/더불어민주당,,,전혜숙,여,비례대표/서울 광진구갑/서울 광진구갑,,,
USR7059P,,미래한국당,0,,,,,,,,미래한국당,,,미래한국당,,,정경희,여,비례대표,,,
DAY6557K,산업통상자원중소벤처기업위원회,미래통합당/국민의힘,0,,산업통상자원중소벤처기업위원회,산업통상자원중소벤처기업위원회,,,,,미래통합당/국민의힘,,,미래통합당/국민의힘,,,정동만,남,부산 기장군/부산 기장군,,,
V429892C,기획재정위원회,//더불어민주당/더불어민주당/더불어민주당,0,,기획재정위원회,기획재정위원회,,,,,//더불어민주당/더불어민주당/더불어민주당,,,//더불어민주당/더불어민주당/더불어민주당,,,정성호,남,"경기 양주,동두천시/경기 양주시동두천시/경기 양주시/경기 양주시/경기 동두천시양주시연천군갑",,,
VHK3402G,,////국민의힘,0,,,,,,,,////국민의힘,,,////국민의힘,,,정우택,남,"충북 진천,음성군/충청북도 진천,괴산,음성군/충북 청주시상당구/충북 청주시상당구/충북 청주시상당구",,,
NZF1659U,,/미래통합당,0,,,,,,,,/미래통합당,,,/미래통합당,,,정운천,남,전북 전주시을/비례대표,,,
LT72093S,"기획재정위원회, 2025 아시아태평양경제협력체(APEC) 정상회의 지원 특별위원회",더불어민주당/더불어민주당,0,,"기획재정위원회, 2025 아시아태평양경제협력체(APEC) 정상회의 지원 특별위원회","기획재정위원회, 2025 아시아태평양경제협력체(APEC) 정상회의 지원 특별위원회",,,,,더불어민주당/더불어민주당,,,더불어민주당/더불어민주당,,,정일영,남,인천 연수구을/인천 연수구을,,,
LJK4960Z,"국토교통위원회, 예산결산특별위원회",미래통합당/국민의힘,0,,"국토교통위원회, 예산결산특별위원회","국토교통위원회, 예산결산특별위원회",,,,,미래통합당/국민의힘,,,미래통합당/국민의힘,,,정점식,남,경남 통영시고성군,,,
TP066860,,더불어민주당,0,,,,,,,,더불어민주당,,,더불어민주당,,,정정순,남,충북 청주시상당구,,,
NQR1206Q,,/무소속///미래통합당,0,,,,,,,,/무소속///미래통합당,,,/무소속///미래통합당,,,정진석,남,"충청남도 공주시,연기군/충남 공주시,연기군/비례대표/충남 공주시부여군청양군/충남 공주시부여군청양군",,,
SBK1544B,,미래통합당,0,,,,,,,,미래통합당,,,미래통합당,,,정찬민,남,경기 용인시갑,,,
2385336L,국방위원회,//더불어민주당/더불어민주당,0,,국방위원회,국방위원회,,,,,//더불어민주당/더불어민주당,,,//더불어민주당/더불어민주당,,,정청래,남,서울특별시 마포구을/서울 마포구을/서울 마포구을/서울 마포구을,,,
MD083627,,더불어민주당/더불어민주당,0,,,,,,,,더불어민주당/더불어민주당,,,더불어민주당/더불어민주당,,,정춘숙,여,비례대표/경기 용인시병,,,
UHB5553T,기획재정위원회,더불어민주당/더불어민주당,0,,기획재정위원회,기획재정위원회,,,,,더불어민주당/더불어민주당,,,더불어민주당/더불어민주당,,,정태호,남,서울 관악구을/서울 관악구을,,,
3425169D,,더불어시민당,0,,,,,,,,더불어시민당,,,더불어시민당,,,정필모,남,비례대표,,,
PFG2137X,농림축산식품해양수산위원회,미래통합당/국민의힘,0,,농림축산식품해양수산위원회,농림축산식품해양수산위원회,,,,,미래통합당/국민의힘,,,미래통합당/국민의힘,,,정희용,남,경북 고령군성주군칠곡군/경북 고령군성주군칠곡군,,,1976-10-01T00:00:00.000Z
5KV82250,농림축산식품해양수산위원회,////미래통합당/국민의힘,0,,농림축산식품해양수산위원회,농림축산식품해양수산위원회,,,,,////미래통합당/국민의힘,,,////미래통합당/국민의힘,,,조경태,남,부산광역시 사하구을/부산 사하구을/부산 사하구을/부산 사하구을/부산 사하구을/부산 사하구을,,,
S741317G,,미래한국당,0,,,,,,,,미래한국당,,,미래한국당,,,조명희,여,비례대표,,,
YLS4431M,,미래한국당,0,,,,,,,,미래한국당,,,미래한국당,,,조수진,여,비례대표,,,1972-06-19T00:00:00.000Z
FYI20317,기획재정위원회,더불어민주당/더불어민주당/더불어민주당,0,,기획재정위원회,기획재정위원회,,,,,더불어민주당/더불어민주당/더불어민주당,,,더불어민주당/더불어민주당/더불어민주당,,,조승래,남,대전 유성구갑/대전 유성구갑/대전 유성구갑,,,
25I8709Q,,더불어민주당,0,,,,,,,,더불어민주당,,,더불어민주당,,,조오섭,남,광주 북구갑,,,
MQU41854,"기후위기 특별위원회, 문화체육관광위원회, 예산결산특별위원회, 성평등가족위원회",국민의힘/국민의힘,0,,"기후위기 특별위원회, 문화체육관광위원회, 예산결산특별위원회, 성평등가족위원회","기후위기 특별위원회, 문화체육관광위원회, 예산결산특별위원회, 성평등가족위원회",,,,,국민의힘/국민의힘,,,국민의힘/국민의힘,,,조은희,여,서울 서초구갑/서울 서초구갑,,,
CDL93608,,더불어민주당/더불어민주당,0,,,,,,,,더불어민주당/더불어민주당,,,더불어민주당/더불어민주당,,,조응천,남,경기 남양주시갑/경기 남양주시갑,,,
IN328264,외교통일위원회,///더불어민주당/더불어민주당/더불어민주당,0,,외교통일위원회,외교통일위원회,,,,,///더불어민주당/더불어민주당/더불어민주당,,,///더불어민주당/더불어민주당/더불어민주당,,,조정식,남,경기 시흥시을/경기 시흥시을/경기 시흥시을/경기 시흥시을/경기 시흥시을/경기 시흥시을,,,
WJL30106,"교육위원회, 2025 아시아태평양경제협력체(APEC) 정상회의 지원 특별위원회, 예산결산특별위원회",시대전환/국민의힘,0,,"교육위원회, 2025 아시아태평양경제협력체(APEC) 정상회의 지원 특별위원회, 예산결산특별위원회","교육위원회, 2025 아시아태평양경제협력체(APEC) 정상회의 지원 특별위원회, 예산결산특별위원회",,,,,시대전환/국민의힘,,,시대전환/국민의힘,,,조정훈,남,비례대표/서울 마포구갑,,,1972-10-07T00:00:00.000Z
I434361W,,미래한국당,0,,,,,,,,미래한국당,,,미래한국당,,,조태용,남,비례대표,,,
Z6R3959C,,//미래통합당,0,,,,,,,,//미래통합당,,,//미래통합당,,,조해진,남,경남 밀양시창녕군/경남 밀양시창녕군/경남 밀양시의령군함안군창녕군,,,
T465023H,농림축산식품해양수산위원회,더불어민주당/더불어민주당,0,,농림축산식품해양수산위원회,농림축산식품해양수산위원회,,,,,더불어민주당/더불어민주당,,,더불어민주당/더불어민주당,,,주철현,남,전남 여수시갑/전남 여수시갑,,,
8SV6917G,행정안전위원회,///무소속/미래통합당/국민의힘,0,,행정안전위원회,행정안전위원회,,,,,///무소속/미래통합당/국민의힘,,,///무소속/미래통합당/국민의힘,,,주호영,남,대구광역시 수성구을/대구 수성구을/대구 수성구을/대구 수성구을/대구 수성구갑/대구 수성구갑,,,
Y7K5946R,,미래한국당,0,,,,,,,,미래한국당,,,미래한국당,,,지성호,남,비례대표,,,1982-04-03T00:00:00.000Z
68P7228G,교육위원회,/더불어민주당/더불어민주당/더불어민주당,0,,교육위원회,교육위원회,,,,,/더불어민주당/더불어민주당/더불어민주당,,,/더불어민주당/더불어민주당/더불어민주당,,,진선미,여,비례대표/서울 강동구갑/서울 강동구갑/서울 강동구갑,,,
3C23171A,기획재정위원회,/더불어민주당/더불어민주당,0,,기획재정위원회,기획재정위원회,,,,,/더불어민주당/더불어민주당,,,/더불어민주당/더불어민주당,,,진성준,남,비례대표/서울 강서구을/서울 강서구을,,,
A494529E,국토교통위원회,더불어민주당/더불어민주당,0,,국토교통위원회,국토교통위원회,,,,,더불어민주당/더불어민주당,,,더불어민주당/더불어민주당,,,천준호,남,서울 강북구갑/서울 강북구갑,,,1971-02-15T00:00:00.000Z
ICH23251,,열린민주당,0,,,,,,,,열린민주당,,,열린민주당,,,최강욱,남,비례대표,,,
I5I2468R,"기획재정위원회, 예산결산특별위원회",더불어민주당/더불어민주당,0,,"기획재정위원회, 예산결산특별위원회","기획재정위원회, 예산결산특별위원회",,,,,더불어민주당/더불어민주당,,,더불어민주당/더불어민주당,,,최기상,남,서울 금천구/서울 금천구,,,
M7T9712V,,미래한국당,0,,,,,,,,미래한국당,,,미래한국당,,,최승재,남,비례대표,,,
8VJ8533R,,국민의당,0,,,,,,,,국민의당,,,국민의당,,,최연숙,여,비례대표,,,
YTA7297R,,국민의힘,0,,,,,,,,국민의힘,,,국민의힘,,,최영희,여,비례대표,,,
LPB30152,,더불어민주당/더불어민주당,0,,,,,,,,더불어민주당/더불어민주당,,,더불어민주당/더불어민주당,,,최인호,남,부산 사하구갑/부산 사하구갑,,,
6RM29022,,국민의힘,0,,,,,,,,국민의힘,,,국민의힘,,,최재형,남,서울 종로구,,,
Z7Y7827F,,더불어민주당,0,,,,,,,,더불어민주당,,,더불어민주당,,,최종윤,남,경기 하남시,,,
3DK8989T,,미래통합당,0,,,,,,,,미래통합당,,,미래통합당,,,최춘식,남,경기 포천시가평군,,,
A0P4646G,"과학기술정보방송통신위원회, 예산결산특별위원회",미래통합당/국민의힘,0,,"과학기술정보방송통신위원회, 예산결산특별위원회","과학기술정보방송통신위원회, 예산결산특별위원회",,,,,미래통합당/국민의힘,,,미래통합당/국민의힘,,,최형두,남,경남 창원시마산합포구/경남 창원시마산합포구,,,
QD25323M,,더불어시민당,0,,,,,,,,더불어시민당,,,더불어시민당,,,최혜영,여,비례대표,,,1979-06-01T00:00:00.000Z
G152611B,정무위원회,/미래통합당/국민의힘,0,,정무위원회,정무위원회,,,,,/미래통합당/국민의힘,,,/미래통합당/국민의힘,,,추경호,남,대구 달성군/대구 달성군/대구 달성군,,,
XJC13432,,미래통합당,0,,,,,,,,미래통합당,,,미래통합당,,,태영호,남,서울 강남구갑,,,
FGI27280,,미래통합당,0,,,,,,,,미래통합당,,,미래통합당,,,하영제,남,경남 사천시남해군하동군,,,
I0S53762,,//미래통합당,0,,,,,,,,//미래통합당,,,//미래통합당,,,하태경,남,부산 해운대구기장군을/부산 해운대구갑/부산 해운대구갑,,,
JQA21112,"국방위원회, 윤석열정부의비상계엄선포를통한내란혐의진상규명국정조사특별위원회, 예산결산특별위원회",//미래통합당/국민의힘,0,,"국방위원회, 윤석열정부의비상계엄선포를통한내란혐의진상규명국정조사특별위원회, 예산결산특별위원회","국방위원회, 윤석열정부의비상계엄선포를통한내란혐의진상규명국정조사특별위원회, 예산결산특별위원회",,,,,//미래통합당/국민의힘,,,//미래통합당/국민의힘,,,한기호,남,강원 철원군화천군양구군인제군/강원 철원군화천군양구군인제군/강원 춘천시철원군화천군양구군을/강원 춘천시철원군화천군양구군을,,,
UB114374,,미래한국당,0,,,,,,,,미래한국당,,,미래한국당,,,한무경,여,비례대표,,,
H5476989,"윤석열정부의비상계엄선포를통한내란혐의진상규명국정조사특별위원회, 예산결산특별위원회, 행정안전위원회",/더불어민주당/더불어민주당,0,,"윤석열정부의비상계엄선포를통한내란혐의진상규명국정조사특별위원회, 예산결산특별위원회, 행정안전위원회","윤석열정부의비상계엄선포를통한내란혐의진상규명국정조사특별위원회, 예산결산특별위원회, 행정안전위원회",,,,,/더불어민주당/더불어민주당,,,/더불어민주당/더불어민주당,,,한병도,남,전북 익산시/전북 익산시을 /전북 익산시을 ,,,
XPP2564T,외교통일위원회,/더불어민주당/더불어민주당/더불어민주당,0,,외교통일위원회,외교통일위원회,,,,,/더불어민주당/더불어민주당/더불어민주당,,,/더불어민주당/더불어민주당/더불어민주당,,,한정애,여,비례대표/서울 강서구병/서울 강서구병/서울 강서구병,,,
BCQ55105,국토교통위원회,더불어민주당/더불어민주당,0,,국토교통위원회,국토교통위원회,,,,,더불어민주당/더불어민주당,,,더불어민주당/더불어민주당,,,한준호,남,경기 고양시을/경기 고양시을,,,1974-02-20T00:00:00.000Z
NCO99988,,더불어민주당,0,,,,,,,,더불어민주당,,,더불어민주당,,,허숙정,여,비례대표,,,1975-03-19T00:00:00.000Z
FU53642G,"정무위원회, 국회운영위원회",더불어민주당/더불어민주당,0,,"정무위원회, 국회운영위원회","정무위원회, 국회운영위원회",,,,,더불어민주당/더불어민주당,,,더불어민주당/더불어민주당,,,허영,남,강원 춘천시철원군화천군양구군갑/강원 춘천시철원군화천군양구군갑,,,1970-03-29T00:00:00.000Z
66W6739S,,미래한국당,0,,,,,,,,미래한국당,,,미래한국당,,,허은아,여,비례대표,,,1972-05-26T00:00:00.000Z
VCP96419,기후에너지환경노동위원회,더불어민주당/더불어민주당,0,,기후에너지환경노동위원회,기후에너지환경노동위원회,,,,,더불어민주당/더불어민주당,,,더불어민주당/더불어민주당,,,허종식,남,인천 동구미추홀구갑/인천 동구미추홀구갑,,,
5MD4184K,"외교통일위원회, 2025 아시아태평양경제협력체(APEC) 정상회의 지원 특별위원회",더불어민주당/더불어민주당,0,,"외교통일위원회, 2025 아시아태평양경제협력체(APEC) 정상회의 지원 특별위원회","외교통일위원회, 2025 아시아태평양경제협력체(APEC) 정상회의 지원 특별위원회",,,,,더불어민주당/더불어민주당,,,더불어민주당/더불어민주당,,,홍기원,남,경기 평택시갑/경기 평택시갑,,,
GD131760,,///미래통합당,0,,,,,,,,///미래통합당,,,///미래통합당,,,홍문표,남,충남 예산군/충남 홍성군예산군/충남 홍성군예산군/충남 홍성군예산군,,,
EMC8812P,,미래통합당,0,,,,,,,,미래통합당,,,미래통합당,,,홍석준,남,대구 달서구갑,,,
2N793392,,더불어민주당,0,,,,,,,,더불어민주당,,,더불어민주당,,,홍성국,남,세종특별자치시갑,,,
KR14136C,,민주당//더불어민주당/더불어민주당,0,,,,,,,,민주당//더불어민주당/더불어민주당,,,민주당//더불어민주당/더불어민주당,,,홍영표,남,인천 부평구을/인천 부평구을/인천 부평구을/인천 부평구을,,,
FRN1867O,,/더불어민주당/더불어민주당,0,,,,,,,,/더불어민주당/더불어민주당,,,/더불어민주당/더불어민주당,,,홍익표,남,서울 성동구을/서울 중구성동구갑/서울 중구성동구갑,,,
XA42275R,,더불어민주당,0,,,,,,,,더불어민주당,,,더불어민주당,,,홍정민,여,경기 고양시병,,,1978-11-24T00:00:00.000Z
NAL4555X,,국민의힘,0,,,,,,,,무소속,,,국민의힘,,,홍준표,남,대구 수성구을,,,
J9S37905,,미래통합당,0,,,,,,,,미래통합당,,,미래통합당,,,황보승희,여,부산 중구영도구,,,1976-08-05T00:00:00.000Z
0YT3774N,국토교통위원회,더불어민주당/조국혁신당,0,,국토교통위원회,국토교통위원회,,,,,더불어민주당/조국혁신당,,,더불어민주당/조국혁신당,,,황운하,남,대전 중구/비례대표,,,
0VU8517U,국방위원회,더불어민주당/더불어민주당/더불어민주당,0,,국방위원회,국방위원회,,,,,더불어민주당/더불어민주당/더불어민주당,,,더불어민주당/더불어민주당/더불어민주당,,,황희,남,서울 양천구갑/서울 양천구갑/서울 양천구갑,,,
